JohnnyRadio,New York
cattleranch1,California 
valeriagarcc,Tampa
leonardahowe111,illinois
whiteraven1606,florida
keekeedeek,Iowa
chriswrighttech,Indiana
Greconomics56,Delaware
Jimfromtheblock,hawai
Mystic_False,texas
Robertapurr65,massachuset
iSparks_Them,alabama
fonzfranc,aleska
BenjaminWiley,georgia
Jennyberry85,New York
ShentonBee,California 
Mcceltic,Tampa
Bunnywabbitt52,illinois
UndeadBarker79,florida
judgerubyred,Iowa
HoldenIlseng,Indiana
MayorBaals,Delaware
mikerips,hawai
gnimie,texas
wontchathink,massachuset
darlene09465021,alabama
jentifer,aleska
thathausagehl,georgia
RedCrossLA,New York
galindoactual,California 
lancewalley,Tampa
Nitemists,illinois
Fran_Neena20409,florida
doughaddow,Iowa
ClassicShmosby,Indiana
Forbrydelsenfan,Delaware
EmarKnowsBest,hawai
robertordway_,texas
sanfordmay,massachuset
comrade_celery,alabama
mondavi1184,aleska
ABbanwo,georgia
thetruthbearer,New York
jaylc88,California 
sassysavvy_93,Tampa
RMetzgerWTOV9,illinois
kochar_pankaj,florida
luisperez27,Iowa
caramelsymmetry,Indiana
GloriaCorreia8,Delaware
bonnysammy,hawai
SteveZapata3,texas
pjlsan2012,massachuset
wizardlarz,alabama
macqumc,aleska
vcocozza76,georgia
SDIndivisible,New York
CCCS_Kansas,California 
Jdxc2,Tampa
JennaFab,illinois
sltodes,florida
vainsovain,Iowa
lordoftheyoyo,Indiana
cenglishross,Delaware
nivekyellem,hawai
AnyaVindla,texas
ItsLeakeyNelson,massachuset
katherineislay,alabama
Spugmay,aleska
kaelinmblack,georgia
TheFlyingHam,New York
cgravil,California 
clubhousemorgan,Tampa
WhitNate,illinois
bharathimagdum,florida
Jericho451,Iowa
tdsiterlet,Indiana
melaniesholden,Delaware
medinanatalia_,hawai
stenYES,texas
TellaGram51,massachuset
chans95,alabama
Swetchasuresh31,aleska
WrenSoar,georgia
_Jayharkless_,New York
ob1moroney,California 
Hellcat_2017,Tampa
Daxer9,illinois
harmonyis1,florida
baconlover_420,Iowa
ClaraJayIsHere,Indiana
Dwilly_inn,Delaware
eddyrogerparker,hawai
saysay1923,texas
Thaira78,massachuset
iwilldietheusa,alabama
terryartstuff74,aleska
saneandreal,georgia
anneboo1963,New York
andyridg,California 
collectiveyawn,Tampa
rustyk5,illinois
ArikGandhi,florida
DummyDiva,Iowa
im_notcam,Indiana
JennellTebbett1,Delaware
al__peaches,hawai
ALAsView,texas
KaosKitty78,massachuset
BrodyKomp,alabama
marjowil5775,aleska
movidic13,georgia
joetothemo,New York
dlb1228,California 
DeereDeere,Tampa
luisperez27,illinois
sincerelyshmalt,florida
baskounet,Iowa
Holly_Love2,Indiana
balladofvangogh,Delaware
TheWalterWest,hawai
PrincessLasia__,texas
GDT0429,massachuset
faceinthewater,alabama
Lacey48292203,aleska
WyattHolmes11,georgia
nancysheldon1,New York
vbjjr74,California 
PapixPardo,Tampa
Fran_Neena20409,illinois
tiimochan,florida
irb22,Iowa
willowrose51,Indiana
eggsbuttersugar,Delaware
MoJoMcClellan,hawai
starmediaguy,texas
WmManry,massachuset
PaxNostrum,alabama
tinderwitch,aleska
sharpieblue,georgia
meg_goodson,New York
fannypenni,California 
lookathisnow,Tampa
roxycat7,illinois
whiteraven1606,florida
CatalystHTI,Iowa
SarahMSette,Indiana
segnoria,Delaware
MisterWhite209,hawai
macmommamary,texas
BScott26054602,massachuset
Yogini,alabama
OldUSNavyVet,aleska
romance_grl,georgia
Fran_Neena20409,New York
Dan_Moore_,California 
EXsappeREgamer,Tampa
stoic008,illinois
hsroberson0306,florida
J_moServices,Iowa
jaceoleson29,Indiana
ABedwards1991,Delaware
teddemop,hawai
naziasmirza,texas
VamceK,massachuset
Dudleyland,alabama
BeachDreamin291,aleska
sunflwer1975,georgia
jalupa,New York
blaqgirlmagiq,California 
Ohdamjoel,Tampa
MeMeCherry,illinois
URGR82DAY,florida
Mar13980,Iowa
SpaceWeasel,Indiana
DriessenLukas,Delaware
RodYork,hawai
BrennanBartley,texas
gertrude1306,massachuset
olibrecht,alabama
kochar_pankaj,aleska
kbon2017,georgia
streetsigns,New York
mjbpgh,California 
beth3551,Tampa
warlick,illinois
Reinlwapo,florida
Aashutosh_2017,Iowa
tanyadomi,Indiana
LynMacNeil_,Delaware
shiroGotMoo,hawai
grtamericanovel,texas
JFDSFla,massachuset
SernurY,alabama
nikkitsak,aleska
mainstmike,georgia
Pri_vision,New York
MikeG4Hunnitt,California 
andinov1009,Tampa
govermentwaste,illinois
